-- phpMyAdmin SQL Dump
-- version 5.0.2
-- https://www.phpmyadmin.net/
--
-- Host: 127.0.0.1
-- Generation Time: Oct 12, 2021 at 10:18 AM
-- Server version: 10.4.13-MariaDB
-- PHP Version: 7.4.8

SET SQL_MODE = "NO_AUTO_VALUE_ON_ZERO";
START TRANSACTION;
SET time_zone = "+00:00";


/*!40101 SET @OLD_CHARACTER_SET_CLIENT=@@CHARACTER_SET_CLIENT */;
/*!40101 SET @OLD_CHARACTER_SET_RESULTS=@@CHARACTER_SET_RESULTS */;
/*!40101 SET @OLD_COLLATION_CONNECTION=@@COLLATION_CONNECTION */;
/*!40101 SET NAMES utf8mb4 */;

--
-- Database: `pessdb`
--

-- --------------------------------------------------------

--
-- Table structure for table `dispatch`
--

CREATE TABLE `dispatch` (
  `incident_id` int(11) NOT NULL,
  `patorlcar_id` varchar(10) NOT NULL,
  `time_dispatched` datetime NOT NULL,
  `time_arrived` datetime DEFAULT NULL,
  `time_completed` int(11) DEFAULT NULL
) ENGINE=InnoDB DEFAULT CHARSET=utf8mb4;

--
-- Dumping data for table `dispatch`
--

INSERT INTO `dispatch` (`incident_id`, `patorlcar_id`, `time_dispatched`, `time_arrived`, `time_completed`) VALUES
(1, 'QX4915W', '2021-03-03 14:30:06', NULL, NULL),
(5, 'QX1137A', '2021-03-08 15:50:06', NULL, NULL),
(10, 'QX1137A', '2021-03-10 16:51:01', NULL, NULL),
(11, 'QX1137A', '2021-03-10 16:52:02', NULL, NULL),
(12, 'QX1137A', '2021-03-10 16:52:11', NULL, NULL),
(12, 'QX4921G', '2021-03-10 16:52:11', NULL, NULL);

-- --------------------------------------------------------

--
-- Table structure for table `incident`
--

CREATE TABLE `incident` (
  `incident_id` int(11) NOT NULL,
  `caller_name` varchar(30) NOT NULL,
  `phone_number` varchar(10) NOT NULL,
  `incident_type_id` varchar(3) NOT NULL,
  `incident_location` varchar(50) NOT NULL,
  `incident_desc` varchar(100) NOT NULL,
  `incident_status_id` varchar(1) NOT NULL,
  `time_called` datetime NOT NULL
) ENGINE=InnoDB DEFAULT CHARSET=utf8mb4;

--
-- Dumping data for table `incident`
--

INSERT INTO `incident` (`incident_id`, `caller_name`, `phone_number`, `incident_type_id`, `incident_location`, `incident_desc`, `incident_status_id`, `time_called`) VALUES
(2, 'David', '91234566', '010', 'CCK', 'Fire at CCK', '1', '2021-03-03 14:00:33'),
(3, 'David', '91234553', '010', 'Jurong', 'Fire at Jurong		', '1', '2021-03-08 15:49:42'),
(6, 'David', '91234567', '010', 'BBP', 'Fire at BBP		', '1', '2021-03-08 15:58:21'),
(7, 'James', '91234223', '050', 'Yew Tee', 'Tree fallen at Yew Tee	', '1', '2021-03-08 16:01:18'),
(9, 'John', '93748157', '080', 'Hougang', 'Robbery at Hougang		', '1', '2021-03-08 16:03:05');

-- --------------------------------------------------------

--
-- Table structure for table `incident_status`
--

CREATE TABLE `incident_status` (
  `incident_status_id` varchar(1) NOT NULL,
  `incident_status_desc` varchar(20) NOT NULL
) ENGINE=InnoDB DEFAULT CHARSET=utf8mb4;

--
-- Dumping data for table `incident_status`
--

INSERT INTO `incident_status` (`incident_status_id`, `incident_status_desc`) VALUES
('1', 'Pending'),
('2', 'Dispatched'),
('3', 'Completed');

-- --------------------------------------------------------

--
-- Table structure for table `incident_type`
--

CREATE TABLE `incident_type` (
  `incident_type_id` varchar(3) NOT NULL,
  `incident_type_desc` varchar(20) NOT NULL
) ENGINE=InnoDB DEFAULT CHARSET=utf8mb4;

--
-- Dumping data for table `incident_type`
--

INSERT INTO `incident_type` (`incident_type_id`, `incident_type_desc`) VALUES
('010', 'Fire'),
('020', 'Riot'),
('030', 'Burglary'),
('040', 'Domestic Violent'),
('050', 'Fallen Tree'),
('060', 'Traffic Accident'),
('070', 'Loan Sharks'),
('080', 'Others');

-- --------------------------------------------------------

--
-- Table structure for table `patrolcar`
--

CREATE TABLE `patrolcar` (
  `patrolcar_id` varchar(10) NOT NULL,
  `patrolcar_status_id` varchar(1) NOT NULL
) ENGINE=InnoDB DEFAULT CHARSET=utf8mb4;

--
-- Dumping data for table `patrolcar`
--

INSERT INTO `patrolcar` (`patrolcar_id`, `patrolcar_status_id`) VALUES
('QX1137A', '1'),
('QX1843V', '1'),
('QX4915W', '1'),
('QX4921G', '1'),
('QX7452B', '3'),
('QX7582F', '3'),
('QX7914C', '3'),
('QX8479N', '3'),
('QX9437T', '3'),
('QX9471K', '3');

-- --------------------------------------------------------

--
-- Table structure for table `patrolcar_status`
--

CREATE TABLE `patrolcar_status` (
  `patrolcar_status_id` varchar(1) NOT NULL,
  `patrolcar_status_desc` varchar(20) NOT NULL
) ENGINE=InnoDB DEFAULT CHARSET=utf8mb4;

--
-- Dumping data for table `patrolcar_status`
--

INSERT INTO `patrolcar_status` (`patrolcar_status_id`, `patrolcar_status_desc`) VALUES
('4', 'Arrived'),
('1', 'Dispatch'),
('3', 'Free'),
('2', 'Patrol');

--
-- Indexes for dumped tables
--

--
-- Indexes for table `dispatch`
--
ALTER TABLE `dispatch`
  ADD PRIMARY KEY (`incident_id`,`patorlcar_id`),
  ADD KEY `patorlcar_id` (`patorlcar_id`);

--
-- Indexes for table `incident`
--
ALTER TABLE `incident`
  ADD PRIMARY KEY (`incident_id`),
  ADD KEY `incident_type_id` (`incident_type_id`,`incident_status_id`),
  ADD KEY `incident_status_id` (`incident_status_id`);

--
-- Indexes for table `incident_status`
--
ALTER TABLE `incident_status`
  ADD PRIMARY KEY (`incident_status_id`);

--
-- Indexes for table `incident_type`
--
ALTER TABLE `incident_type`
  ADD PRIMARY KEY (`incident_type_id`);

--
-- Indexes for table `patrolcar`
--
ALTER TABLE `patrolcar`
  ADD PRIMARY KEY (`patrolcar_id`),
  ADD KEY `patrolcar_status_id` (`patrolcar_status_id`);

--
-- Indexes for table `patrolcar_status`
--
ALTER TABLE `patrolcar_status`
  ADD PRIMARY KEY (`patrolcar_status_id`),
  ADD KEY `patrolcar_status_desc` (`patrolcar_status_desc`);

--
-- AUTO_INCREMENT for dumped tables
--

--
-- AUTO_INCREMENT for table `incident`
--
ALTER TABLE `incident`
  MODIFY `incident_id` int(11) NOT NULL AUTO_INCREMENT, AUTO_INCREMENT=15;

--
-- Constraints for dumped tables
--

--
-- Constraints for table `patrolcar`
--
ALTER TABLE `patrolcar`
  ADD CONSTRAINT `patrolcar_ibfk_1` FOREIGN KEY (`patrolcar_status_id`) REFERENCES `patrolcar_status` (`patrolcar_status_id`);
COMMIT;

/*!40101 SET CHARACTER_SET_CLIENT=@OLD_CHARACTER_SET_CLIENT */;
/*!40101 SET CHARACTER_SET_RESULTS=@OLD_CHARACTER_SET_RESULTS */;
/*!40101 SET COLLATION_CONNECTION=@OLD_COLLATION_CONNECTION */;
